{
  "model_type": "LGBMModel",
  "is_fit": true,
  "r2_held_out": 0.8902704996091388,
  "estimated_lag_s": 10.0,
  "horizons": [
    5,
    10,
    15,
    60
  ],
  "primary_horizon": 10,
  "r2s_by_horizon": {
    "5": 0.9263627747622565,
    "10": 0.8902704996091388,
    "15": 0.8717864039873775,
    "60": 0.2535542822019705
  },
  "n_samples": 3679,
  "diag": {
    "n_train": 3679,
    "r2_in": 0.9807126831520968,
    "r2_hld": 0.8902704996091388,
    "coefs": {
      "h5s_r2_hld": 0.9263627747622565,
      "h10s_r2_hld": 0.8902704996091388,
      "h15s_r2_hld": 0.8717864039873775,
      "h60s_r2_hld": 0.2535542822019705
    }
  }
}